Top pages,Clicks,Impressions,CTR,Position
https://onlinetranslation.ae/,5,1067,0.47%,36
https://onlinetranslation.ae/contact-a-translator-in-dubai/,4,59,6.78%,9.07
https://onlinetranslation.ae/services/attestation/apostille/,3,181,1.66%,9.61
https://onlinetranslation.ae/services/,2,128,1.56%,18.3
https://onlinetranslation.ae/onehourx-stamped-arabic-english-translation-services-uae/,2,55,3.64%,35.78
https://onlinetranslation.ae/translation-services-in-dubai-abu-dhabi-legal-translation-company-2/,1,188,0.53%,15.1
https://onlinetranslation.ae/specialized/medical/,1,170,0.59%,34.5
https://onlinetranslation.ae/services/legal-translation/,1,125,0.8%,29.9
https://onlinetranslation.ae/personal/academic/degree/,1,74,1.35%,7.7
https://onlinetranslation.ae/locations/abu-dhabi/,1,71,1.41%,43.9
https://onlinetranslation.ae/legal-translation-dubai/,1,63,1.59%,21.25
https://onlinetranslation.ae/legal/wills/,1,62,1.61%,26.26
https://onlinetranslation.ae/translation_agency_dubai/translation-services/certificate-translation-dxb/uk-birth-certificate-legal-translation-for-uae-visa-purposes/,1,61,1.64%,29.69
https://onlinetranslation.ae/medical-translation-dubai/,1,51,1.96%,50.02
https://onlinetranslation.ae/about-2/,1,42,2.38%,4.71
https://onlinetranslation.ae/locations/dubai/,1,41,2.44%,32.41
https://onlinetranslation.ae/contact/,1,38,2.63%,23.89
https://onlinetranslation.ae/translation_agency_dubai/translation-services/legal-translation/financial-translation-services/,1,34,2.94%,49.71
https://onlinetranslation.ae/personal/vital-records/marriage/,1,33,3.03%,17
https://onlinetranslation.ae/specialized/digital/,1,33,3.03%,17.58
https://onlinetranslation.ae/specialized/medical/dha-dataflow/,1,26,3.85%,31.38
https://onlinetranslation.ae/locations/,1,26,3.85%,31.96
https://onlinetranslation.ae/locations/dubai/marina/,1,21,4.76%,9
https://onlinetranslation.ae/french/,1,17,5.88%,19.65
https://onlinetranslation.ae/personal/,1,14,7.14%,11.14
https://onlinetranslation.ae/locations/dubai,1,4,25%,4.75
https://onlinetranslation.ae/specialized/technical-translation/,1,2,50%,1
https://onlinetranslation.ae/certificate-translation-dubai/,0,261,0%,28.72
https://onlinetranslation.ae/translation_agency_dubai/translation-services/medical-translation-services/,0,168,0%,24.57
https://onlinetranslation.ae/onehourx-solutions-uae-translation/onehourx-multimedia-translation/,0,146,0%,18.39
https://onlinetranslation.ae/translation_agency_dubai/translation-services/certificate-translation-dxb/criminal-record-certificate-translation-dubai/,0,131,0%,22.33
https://onlinetranslation.ae/services/attestation/uk/,0,129,0%,60.25
https://onlinetranslation.ae/resources/attestation-guide/,0,115,0%,7.28
https://onlinetranslation.ae/personal/academic/transcripts/,0,104,0%,11.02
https://onlinetranslation.ae/translation_agency_dubai/translation-services/certificate-translation-dxb/dubai-marriage-certificate-translation-certified-translations-for-visa-and-legal-use-outside-the-uae/,0,90,0%,26.07
https://onlinetranslation.ae/translation_agency_dubai/translation-services/legal-translation/,0,90,0%,73.61
https://onlinetranslation.ae/translation_agency_dubai/translation-services/website-localization-translation/,0,77,0%,25.56
https://onlinetranslation.ae/translation_agency_dubai/translation-services/legal-translation/urgent-translation-services/,0,72,0%,21.29
https://onlinetranslation.ae/personal/vital-records/birth/,0,70,0%,31.69
https://onlinetranslation.ae/services/certificate-translation/,0,65,0%,31.28
https://onlinetranslation.ae/personal/immigration/pcc/,0,57,0%,9.02
https://onlinetranslation.ae/our-locations/,0,52,0%,4.58
https://onlinetranslation.ae/dubai-birth-certificate-translation/,0,50,0%,46.12
https://onlinetranslation.ae/services/corporate-translation/,0,43,0%,17.12
https://onlinetranslation.ae/blog/degree-certificate-translation-dubai/,0,42,0%,5.29
https://onlinetranslation.ae/translation_agency_dubai/translation-services/media-translation/,0,41,0%,24.93
https://onlinetranslation.ae/locations/dubai/difc/,0,40,0%,7.62
https://onlinetranslation.ae/industries/real-estate/,0,36,0%,12.56
https://onlinetranslation.ae/services/attestation/india/,0,36,0%,42.33
https://onlinetranslation.ae/personal/vital-records/divorce/,0,35,0%,8.49
https://onlinetranslation.ae/legal/corporate/poa/,0,35,0%,15.8
https://onlinetranslation.ae/عربي/,0,34,0%,31.71
https://onlinetranslation.ae/personal-documents/,0,32,0%,11.31
https://onlinetranslation.ae/locations/dubai-marina/,0,30,0%,7.43
https://onlinetranslation.ae/resources/pricing-guide/,0,30,0%,34.07
https://onlinetranslation.ae/legal/,0,29,0%,15.59
https://onlinetranslation.ae/resources/authenticated-translation/,0,27,0%,16.74
https://onlinetranslation.ae/personal/academic/transcripts,0,26,0%,7.15
https://onlinetranslation.ae/personal/vital-records/birth,0,26,0%,19.23
https://onlinetranslation.ae/locations/dubai/business-bay/,0,26,0%,20.04
https://onlinetranslation.ae/the-critical-role-of-translation-services-in-navigating-geopolitical-uncertainty-how-ot-ae-bridges-global-divides/,0,26,0%,43.85
https://onlinetranslation.ae/translation_agency_dubai/translation-services/,0,25,0%,68.88
https://onlinetranslation.ae/translation_agency_dubai/translation-services/legal-translation/family-documents-translation/,0,24,0%,7.38
https://onlinetranslation.ae/services/contract-translation/,0,24,0%,34.21
https://onlinetranslation.ae/translation_agency_dubai/translation-services/certificate-translation-dxb/russian-to-arabic-translation-for-birth-certificates-visa-embassy-official/,0,24,0%,38.88
https://onlinetranslation.ae/translation_agency_dubai/translator-in-pocket/,0,23,0%,20.65
https://onlinetranslation.ae/medical-reports-translation/,0,22,0%,7.95
https://onlinetranslation.ae/services/document-translation/,0,22,0%,50.32
https://onlinetranslation.ae/certificate-translationlog-post/,0,21,0%,24.48
https://onlinetranslation.ae/locations/dubai/palm-jumeirah/,0,20,0%,11.5
https://onlinetranslation.ae/legal/corporate/moa/,0,19,0%,8.26
https://onlinetranslation.ae/certified-translation-services-in-dubai-fast-affordable-legal-translation/,0,19,0%,48.74
https://onlinetranslation.ae/services/attestation/mofa/,0,19,0%,77.68
https://onlinetranslation.ae/translation_agency_dubai/translation-services/technical-translation/,0,18,0%,9.67
https://onlinetranslation.ae/translation_agency_dubai/translation-services/legal-translation/marketing-translation-and-localization/,0,18,0%,18.94
https://onlinetranslation.ae/personal/immigration/,0,18,0%,32.78
https://onlinetranslation.ae/legal/contracts/spa/,0,17,0%,9.71
https://onlinetranslation.ae/personal/vital-records/death/,0,17,0%,16.18
https://onlinetranslation.ae/locations/business-bay/,0,15,0%,21.4
https://onlinetranslation.ae/haq-al-laila/,0,14,0%,28.29
https://onlinetranslation.ae/about/translator/,0,13,0%,17.46
https://onlinetranslation.ae/translation_agency_dubai/translation-services/languages/,0,12,0%,22.92
https://onlinetranslation.ae/modern-translation-techniques-and-tools-in-dubai/,0,12,0%,26.83
https://onlinetranslation.ae/urdu/,0,11,0%,6.64
https://onlinetranslation.ae/onehourx-solutions-uae-translation/,0,11,0%,11.45
https://onlinetranslation.ae/specialized/medical-translation/,0,11,0%,57.27
https://onlinetranslation.ae/resources/moj-vs-certified/,0,10,0%,11.4
https://onlinetranslation.ae/social/,0,9,0%,22.22
https://onlinetranslation.ae/about/,0,9,0%,31.11
https://onlinetranslation.ae/contact-dxb-translator/,0,9,0%,102.44
https://onlinetranslation.ae/personal/education/degree,0,8,0%,3.88
https://onlinetranslation.ae/personal/education/degree/,0,7,0%,6.86
https://onlinetranslation.ae/industries/e-commerce/,0,7,0%,7.14
https://onlinetranslation.ae/refund_returns/,0,7,0%,7.14
https://onlinetranslation.ae/industries/,0,7,0%,7.29
https://onlinetranslation.ae/specialized/technical/,0,7,0%,7.43
https://onlinetranslation.ae/ترجمة-تقارير-طبية/,0,7,0%,12.71
https://onlinetranslation.ae/personal/academic/,0,7,0%,42.71
https://onlinetranslation.ae/price-of-medical-translation-in-dubai/,0,6,0%,3.67
https://onlinetranslation.ae/bengali/,0,6,0%,7
https://onlinetranslation.ae/about-2/umm-al-sheif/,0,6,0%,7.17
https://onlinetranslation.ae/academic-translation/,0,6,0%,9.5
https://onlinetranslation.ae/onehourx-solutions-uae-translation/onehourx-certified-medical-translation-services-in-dubai-and-the-uae/,0,6,0%,27.33
https://onlinetranslation.ae/farsi/,0,5,0%,7.8
https://onlinetranslation.ae/russian/,0,5,0%,8.4
https://onlinetranslation.ae/blog/authenticated-translation-moj-vs-certified/,0,5,0%,22.6
https://onlinetranslation.ae/terms/,0,4,0%,2.5
https://onlinetranslation.ae/about/reviews/,0,4,0%,5.5
https://onlinetranslation.ae/urgent-translation-dubai/,0,4,0%,7
https://onlinetranslation.ae/blog/,0,4,0%,10
https://onlinetranslation.ae/services/attestation/embassy/,0,4,0%,69.5
https://onlinetranslation.ae/tagalog/,0,3,0%,4.33
https://onlinetranslation.ae/which-translation-techniques-and-tools-in-dubai/,0,3,0%,4.67
https://onlinetranslation.ae/about-2/cookie-policy-br/,0,3,0%,8
https://onlinetranslation.ae/chinese/,0,3,0%,8.33
https://onlinetranslation.ae/resources/,0,3,0%,9
https://onlinetranslation.ae/specialized-translation/,0,3,0%,9
https://onlinetranslation.ae/locations,0,3,0%,14.33
https://onlinetranslation.ae/legal/contracts/,0,2,0%,3
https://onlinetranslation.ae/legal/corporate/,0,2,0%,3
https://onlinetranslation.ae/translation_agency_dubai/blog/,0,2,0%,3.5
https://onlinetranslation.ae/privacy/,0,2,0%,7.5
https://onlinetranslation.ae/industries/banking-finance/,0,2,0%,46.5
https://onlinetranslation.ae/services/attestation/,0,2,0%,48
https://onlinetranslation.ae/about/credentials/,0,1,0%,1
https://onlinetranslation.ae/sitemap/,0,1,0%,4
https://onlinetranslation.ae/industries/legal/,0,1,0%,7
https://onlinetranslation.ae/malayalam/,0,1,0%,9
https://onlinetranslation.ae/blog/category/industry-insights/,0,1,0%,25
https://onlinetranslation.ae/services/attestation/pakistan/,0,1,0%,60
https://onlinetranslation.ae/specialized/medical,0,1,0%,85